Abuabed.pdf,American
AdanuPenmetsaJonesSmith.pdf,American
AlasadYuanBi.pdf,American
AlatawiAlmasoudiManandharMatin.pdf,American
AlhayajnehBaccariniWeissHayajnehFarajidavar.pdf,American
AlivarCarlsonSulimanWarrenPrakashThomsonNatarajan.pdf,American
AshHughesOliver.pdf,American
BasharNohWalkeyMcManusChon.pdf,American
Baum.pdf,American
BhattacharyyaKatramatosYoo.pdf,American
Burgin.pdf,American
CambouFlikkemaPalmerTelescaPhilabaum.pdf,American
ClarkSlikerSandstrumBurneHaggettBodine.pdf,American
DaiMacDorman.pdf,American
DasDengCamphausenShankavaram.pdf,American
DeRosierThomas.pdf,American
DebLermanFerrara.pdf,American
DolinBoxwalaShalaby.pdf,American
DorrColellaDorfGhoshHittingerSchwartz.pdf,American
DrawertaJacobbZhenLicMuYidPetzold.pdf,American
DulebenetsKavoosiAbioyePasha.pdf,American
DumitrascuDarnellAyrolesEngelhardt.pdf,American
FernandezBacaLiu.pdf,American
FoxWeisberg.pdf,American
FuLeslieScottMurrayMarazitaBeatyScharpfRuczinski.pdf,American
FuLiHadiChalloo.pdf,American
GarciaChoboterWalterCastilloa.pdf,American
GeigerVaroquauxMazel-CabasseHoldgraf.pdf,American
GerberMeierHosbachLiou.pdf,American
HanDeOliveira.pdf,American
HelyerCourtney.pdf,American
HodhodKhanWang.pdf,American
HouHolder.pdf,American
HuangJaiswalRai.pdf,American
HuangRodriguez.pdf,American
HunterZaworski.pdf,American
JalaliMaleki.pdf,American
KakhkiFreemanMosher.pdf,American
KarembaiThompsonSeeling.pdf,American
KejriwalSzekely.pdf,American
KinsyBuIsakovMark.pdf,American
LernerBoosePerez.pdf,American
LiBienWells.pdf,American
LiLuCoccaVegaFleischerBaileyToroSachdevDebiesMehanGuptaTakacs.pdf,American
LiuRavindraraoGuruduttKamaalDivakaraPrabhakaran.pdf,American
McKnightDarwishZaghloul.pdf,American
Mezei.pdf,American
MillerPickettRidge.pdf,American
MilsapCollardCooganCrone.pdf,American
MilsapCollardCooganRabbaniWangCrone.pdf,American
MinionSaye.pdf,American
NarayananGebhardtBroderick.pdf,American
NathanZakrzewskaRiedyBader.pdf,American
Nghiem.pdf,American
Nwosisi.pdf,American
OremVogtGrahamOrem.pdf,American
OwenJrHeegerChanCheSaqibArenoPlusquellic.pdf,American
PanahiazarFadaviAljabbanSafeerAljabbanHadley.pdf,American
PeeryPasalar.pdf,American
Peterson.pdf,American
PinionKlyzaJrBrewerDouphrate.pdf,American
Robinson.pdf,American
RoppKaminskyYablonskiDurrant.pdf,American
RossiZhouAhmed.pdf,American
SababhaZohdyKafafy.pdf,American
ShresthaZikosFegaras.pdf,American
SimonHuffMeierMaillouxHarrell.pdf,American
Skiba.pdf,American
SmithVanderbiltApplequistKyvelidou.pdf,American
SongLange.pdf,American
SteitzLevy.pdf,American
TaheriYuan.pdf,American
TakkalaChu.pdf,American
TidwellTidwellNelsonHill.pdf,American
ToptasRakocevicKomarKural.pdf,American
VelikovichGiulianiZalesak.pdf,American
VogmanShumlakColella.pdf,American
VoraKang.pdf,American
VoroncaGebregziabherDurkalskiMauldinLiuEgede.pdf,American
VorsterWoodwardWestYoungSturtevantMayerGirmaEvangelista.pdf,American
Wang.pdf,American
WangMerkle.pdf,American
WhiteChang.pdf,American
WrayKahlerErikSimpanenOperario.pdf,American
WymanMortazavi.pdf,American
XuChenBlaschChen.pdf,American
YanChandy.pdf,American
Yoon.pdf,American
YuanThatKothariFilsMalik.pdf,American
ZavarehMaggioni.pdf,American
AhmedGlesk.pdf,English
AlMayyahiWangBirch.pdf,English
AlfadhliDarlingHillis.pdf,English
AlharbiLaramee.pdf,English
AltaherAphale.pdf,English
ArmendarizBecerraBausch.pdf,English
ArmstrongThreshMurphyKearney.pdf,English
BadriKitsonPower.pdf,English
BaiSwaisaenyakornLeeFordBatchelorLangley.pdf,English
BaidyaPesyridisCooper.pdf,English
BatchellerGittingsDunfey.pdf,English
Bi.pdf,English
BianZhengChaudhryYouZhang.pdf,English
BoddyHurstMackayElRhalibiBakerMontanez.pdf,English
BowkettThanapalanConstant.pdf,English
ClarkeGreenHalleyChantler.pdf,English
ColeForresterFleming.pdf,English
DaviesComerfordGrout.pdf,English
DeFilippisCravenDening.pdf,English
DesmetGelenbe.pdf,English
DiMaio.pdf,English
DimitrovKrishnaCrudenSharkhElkhateb.pdf,English
DinculeanaCheng.pdf,English
DondrupBellottoHanheideEderLeonards.pdf,English
DziurzanskiSingh.pdf,English
EkerZimmermann.pdf,English
Forrest.pdf,English
GardinerHunterWillett.pdf,English
GardnerBerrymanPynsent.pdf,English
Gehrmann.pdf,English
GelenbeLent.pdf,English
GrayBoek.pdf,English
HallShepherdCoull.pdf,English
Han.pdf,English
HareDupplawLewisHallMartinez.pdf,English
HoggScott.pdf,English
HoustonGoobermanHillMathieKennedyLiBaiz.pdf,English
HuckleWhite.pdf,English
IacovelliKirner.pdf,English
IhianleNaeemIslamTawil.pdf,English
JavedKhanMcClatchey.pdf,English
KalaWarwick.pdf,English
KaroudisMagoulas.pdf,English
KoliosFriderikosPapadaki.pdf,English
Lallie.pdf,English
Lewis.pdf,English
LiPandisGuo.pdf,English
Little.pdf,English
LohCheadleRosenfeld.pdf,English
LordCockellStevens.pdf,English
LuDuanHalakKazmierski.pdf,English
LynnEscalonaMcEneaney.pdf,English
MamonePileioLevitt.pdf,English
McCreeshProsser.pdf,English
McDermottIsaacsPetrovski.pdf,English
McKenzieMurphyKearney.pdf,English
McLachlan.pdf,English
MearnsSimmondsRichardsonTurnerWatsonMissier.pdf,English
MemonFarukhKandan.pdf,English
MonkmanSchagaev.pdf,English
MorrisMcHaleDiasNewton.pdf,English
MurshedAllen.pdf,English
PalawanWoodsGhanbari.pdf,English
PatelHirschDryburghPierisAchamfuoYeboahSmithLightSharplesClareClark.pdf,English
PearceBrookesMason.pdf,English
PedramMudgeGan.pdf,English
PoolakkaparambilMathewJabir.pdf,English
PopoolaSinanovicPopoolaRamirezIniguez.pdf,English
Prosser.pdf,English
PullinPattinsonKor.pdf,English
ReesRobertsLarameeBrookesDCruzeSmith.pdf,English
SakellariMorfopoulouGelenbe.pdf,English
ShackletonKalaWarwick.pdf,English
Short.pdf,English
ShortAbugchem.pdf,English
SlabaughYangYeBoyesBeddoe.pdf,English
SoleimaniCalautitHughes.pdf,English
Stewart.pdf,English
TwomeyDietheFafoutisElstsMcConvilleFlachCraddock.pdf,English
WahlDonaldson.pdf,English
WalshBerchiolliGuardaPesyridis.pdf,English
WangPhillips.pdf,English
WheatAttfieldFields.pdf,English
Wheeler.pdf,English
WilliamsBishop.pdf,English
WuCollinsCanhamKaplan.pdf,English
YangSilvaPapageorgiouTsoka.pdf,English
YeboahOforiIslam.pdf,English
YerimaParrMcCleanMorrow.pdf,English
Zucker.pdf,English
AbdelgawadGausemeierGrafeBerssenbrugge.pdf,German
AbdelgawadGausemeierTrachtlerGausemeierDumitrescuBerssenbruggeStockleinGrafe.pdf,German
AndraeMerkelDurmazFackeldeyKoppenWeberKoch.pdf,German
AnteSandnerFiedler.pdf,German
AuerSenkelKielRauh.pdf,German
AzeroualSaakeAbuosba.pdf,German
BallGeyerSchulz.pdf,German
BasmadjianMeer.pdf,German
BergerGilbersGruneKlein.pdf,German
BeskersFischer.pdf,German
BirnstillKrempelWagnerBeyerer.pdf,German
BoehmYuNeuLeonhardtTeichmann.pdf,German
BottMilkau.pdf,German
BoudadenAltmannshoferWielandPittroffEisele.pdf,German
BraunMenth.pdf,German
ChristinMogreHollick.pdf,German
ClausHennenlotterLitingPedriniStenzlOsten.pdf,German
CunoBrunsTcholtchevLammelSchieferdecker.pdf,German
CurtoloZhangRojasFriedrichFriedrich.pdf,German
DuanNagelGao.pdf,German
EhrichSchwarzRahimiStoevesandtPeinke.pdf,German
EineJurischQuint.pdf,German
FischerKraussDeinert.pdf,German
FisselerMullerWeichert.pdf,German
Frey.pdf,German
FrischMundaniRankTreeck.pdf,German
FrohlingEhlbeckSchluter.pdf,German
FroningYuReimerLehnert.pdf,German
GlessmerJanssen.pdf,German
GommeringerNolleKernGadow.pdf,German
HamannRohrsWagner.pdf,German
HartingSchenkendorfNicolasWolffKrewer.pdf,German
HemmeBerk.pdf,German
Herbst.pdf,German
HermannFabian.pdf,German
Herrmann.pdf,German
HolderZechRamsaierStetterNiedermeierRudolphTill.pdf,German
HoppenstedtPryssStelzerMeyerBrotzKammererTressReichert.pdf,German
HuberZimmermannRentropFelden.pdf,German
HuffnerKomusiewiczNiedermeierRotzschke.pdf,German
IaconoNguyenGorski.pdf,German
IbarluceaRomhildtZorgiebelPreglVahdatzadehWeberMikolajickOpitzBarabanCuniberti.pdf,German
IswandyKonig.pdf,German
JakobBlume.pdf,German
JakuschevHoffmann.pdf,German
JanssenMierkeUberruckGralherRung.pdf,German
JedingerOliverWattelerForster.pdf,German
KleinUhligWill.pdf,German
KolihaJanssenRung.pdf,German
KoltermannGerberBeckBeck.pdf,German
KonsgenShahabuddinSinghForster.pdf,German
Kruger.pdf,German
KumarWohrleTramplerSimnofskePetersMallwitzKirchnerKirchner.pdf,German
KwiecienBadedaHuckKomutDumanSauer.pdf,German
KwiecienHuckBadedaZorerKomutYuSauer.pdf,German
Landwehr.pdf,German
Le.pdf,German
LiuBraunDupmeierKuckertzRybergRobiniusStoltenHagenmeyer.pdf,German
MarchettiAssmannDordaZhu.pdf,German
MartinezVogelHeuser.pdf,German
MezaCruzMoralesVilchesKorteStannowski.pdf,German
MichaelsenVujasinovic.pdf,German
MlekusParuzelBentlerJendernyFoulloisBansmannWoesteRockerMaier.pdf,German
Muller.pdf,German
ObermaisserAhmadianMalekiBebawyLenzSorkhpour.pdf,German
PetersPeterSeifertThiel.pdf,German
RambachPaganiSchneiderArtemenkoStricker.pdf,German
ReissEhlertHeidePutzForsterZimmermann.pdf,German
RiziGranitze.pdf,German
RoyAlvesPintoLampe.pdf,German
SadikUrban.pdf,German
SchlobohmPoschReithmeier.pdf,German
SchmidtKahlen.pdf,German
SchnaubeltKraussKrauss.pdf,German
SchneiderLewerentzLuskowMarschallKemnitz.pdf,German
SchrammStoevesandtPeinke.pdf,German
SchreiberStruminksi.pdf,German
SeshadityaGhiringhelliSite.pdf,German
SeylerFratzBeckmannSchillerBertzCarl.pdf,German
SiddiqueAwdWiegoldKlingeWalther.pdf,German
StrohmeierMontenegro.pdf,German
SuhLeeJoLukowiczLee.pdf,German
UdugamaDedeForsterKuppusamyKuladinithiTimmGielVatandas.pdf,German
UslanderBatz.pdf,German
VorspelStoevesandtPeinke.pdf,German
WatschkeVietorVietor.pdf,German
WeberTiefenbacherGronau.pdf,German
WendlHognerFattahi.pdf,German
WillmesViehbergLopezBareth.pdf,German
WolfHundRudolphKanoun.pdf,German
